"","ME","MSE","RMSE","MAE","MAPE"
"Mean",-986157.694813565,1874997588460.13,1369305.51319278,1160847.56495378,41.963364805621
"Naive",-207087.07862069,945375647551.78,972304.297816162,815392.523034483,27.1002755081156
"LastWindow",-745566.276413793,1669751847663.79,1292188.78174351,1036797.61324138,32.639773420675
"ARIMA",247507.646324938,977818665664.435,988847.139685621,794091.272403462,23.2542280369787
